업종,상호,소재지도로명주소,전화번호,데이터기준일자
국내여행업,(주)뉴동명관광,충청남도 천안시 동남구 유량로 182 ,041-556-4902,2020-12-09
국내여행업,(주)뉴재승관광여행사,"충청남도 천안시 동남구 목천읍 종합휴양지4길 2, 2층 201호",041-906-9000,2020-12-09
국내여행업,(주)엘리트관광,충청남도 천안시 동남구 광덕면 차령고개로 468,041-576-4517,2020-12-09
국내여행업,(주)은성관광,"충청남도 천안시 서북구 두정상가1길 5, 새아스빌 202-1호 ",041-834-1190,2020-12-09
국내여행업,(주)하늘안관광,충청남도 천안시 동남구 신방남부길 87 ,041-553-5555,2020-12-09
국내여행업,(합)버들관광여행사,충청남도 천안시 서북구 서부대로 298 ,041-573-6735,2020-12-09
국내여행업,관광버스협동조합투어,"충청남도 천안시 동남구 신촌4로 42, 신방현대프라자 2층 231호 ",,2020-12-09
국내여행업,뉴미래관광(주),충청남도 천안시 서북구 성환읍 성환중앙로 53-1,041-581-2154,2020-12-09
국내여행업,워킹여행클럽,충청남도 천안시 동남구 차돌로 76 ,,2020-12-09
국내여행업,천안관광(주),충청남도 천안시 동남구 신방남부길 25 ,041-563-6131,2020-12-09
국내여행업,한누리관광개발(주),충청남도 천안시 서북구 서부14길 3 ,041-574-0094,2020-12-09
"국내여행업, 국외여행업",(주)갤러리아투어,"충청남도 천안시 서북구 불당16길 13, 102호 ",041-569-2201,2020-12-09
"국내여행업, 국외여행업",(주)글로벌여행사,"충청남도 천안시 서북구 선영5길 34, 1층",,2020-12-09
"국내여행업, 국외여행업",(주)꿈에그린여행사,"충청남도 천안시 서북구 불당22대로 92, 218호 ",041-621-1300,2020-12-09
"국내여행업, 국외여행업",(주)나래항공여행사,충청남도 천안시 동남구 봉명8길 8-8 ,041-578-0090,2020-12-09
"국내여행업, 국외여행업",(주)남산인터내셔날,충청남도 천안시 동남구 만남로 43 ,,2020-12-09
"국내여행업, 국외여행업",(주)네잎크로바관광여행사,"충청남도 천안시 동남구 충절로 128, 402호 ",041-523-0755,2020-12-09
"국내여행업, 국외여행업",(주)뉴월드항공여행사,충청남도 천안시 동남구 만남로 58 ,041-556-6100,2020-12-09
"국내여행업, 국외여행업",(주)더좋은여행사,충청남도 천안시 동남구 대흥로 241-8 ,041-523-0000,2020-12-09
"국내여행업, 국외여행업",(주)동감항공여행사,"충청남도 천안시 서북구 두정중8길 1-8, 2층 ",041-571-9999,2020-12-09
"국내여행업, 국외여행업",(주)동선관광,충청남도 천안시 동남구 대흥로 241-8 ,041-555-7788,2020-12-09
"국내여행업, 국외여행업",(주)백우관광,충청남도 천안시 동남구 중앙로 55 ,041-553-8700,2020-12-09
"국내여행업, 국외여행업",(주)블루홀스관광여행사,충청남도 천안시 동남구 서부대로 249 ,041-575-6800,2020-12-09
"국내여행업, 국외여행업",섬투어(주),충청남도 천안시 서북구 직산읍 봉주로 38,041-585-6666,2020-12-09
"국내여행업, 국외여행업",(주)세계일주여행사,충청남도 천안시 동남구 신촌1길 23 ,041-574-8325,2020-12-09
"국내여행업, 국외여행업",(주)세상구경여행사,충청남도 천안시 서북구 한들1로 40-7 ,,2020-12-09
"국내여행업, 국외여행업",(주)시온투어,충청남도 천안시 동남구 성남면 성남로 186,041-552-2525,2020-12-09
"국내여행업, 국외여행업",신성관광여행사(주),충청남도 천안시 동남구 삼룡1길 4 ,,2020-12-09
"국내여행업, 국외여행업",신화관광협동조합,"충청남도 천안시 서북구 부성6길 37, 미주프라자 3층 302호 ",041-575-8800,2020-12-09
"국내여행업, 국외여행업",(주)씨-월드여행사,충청남도 천안시 서북구 번영로 156 ,041-555-2000,2020-12-09
"국내여행업, 국외여행업",(주)영진관광,충청남도 천안시 서북구 쌍용13길 2 ,041-573-7373,2020-12-09
"국내여행업, 국외여행업",(주)예림여행사,충청남도 천안시 서북구 쌍용대로 184 ,041-592-7300,2020-12-09
"국내여행업, 국외여행업",(주)예약센터,"충청남도 천안시 서북구 동서대로 146, 지현빌딩 ",041-574-2206,2020-12-09
"국내여행업, 국외여행업",(주)월드비젼기독교여행사,충청남도 천안시 서북구 월봉로 38 ,041-573-7550,2020-12-09
"국내여행업, 국외여행업",(주)윤영항공,충청남도 천안시 서북구 성정중7길 8 ,041-571-5800,2020-12-09
"국내여행업, 국외여행업",(주)천일관광,충청남도 천안시 동남구 풍세로 599 ,041-562-1144,2020-12-09
"국내여행업, 국외여행업",(주)청마여행사,충청남도 천안시 서북구 서부대로 706 ,,2020-12-09
"국내여행업, 국외여행업",(주)청수해외관광여행사,"충청남도 천안시 서북구 늘푸른3길 55, 천농다목적회관 2층 ",041-522-6212,2020-12-09
"국내여행업, 국외여행업",(주)투어프렌즈,충청남도 천안시 서북구 불당9길 46 ,,2020-12-09
"국내여행업, 국외여행업",(합)산들여행사,충청남도 천안시 서북구 직산읍 봉주로 38-356,041-581-0445,2020-12-09
"국내여행업, 국외여행업",(합)세계관광여행사,"충청남도 천안시 동남구 만남로 18, 1층 2호 ",041-562-0055,2020-12-09
"국내여행업, 국외여행업",가림여행사,"충청남도 천안시 서북구 한들2로 8, 602호 ",041-567-3005,2020-12-09
"국내여행업, 국외여행업",강남여행사,"충청남도 천안시 서북구 성환읍 성환13길 4-1, 2층",,2020-12-09
"국내여행업, 국외여행업",남산관광여행사(자),충청남도 천안시 동남구 원성천1길 3 ,041-557-3367,2020-12-09
"국내여행업, 국외여행업",뉴대호관광(주),충청남도 천안시 동남구 대흥로 82 ,041-561-7444,2020-12-09
"국내여행업, 국외여행업",미투리관광(주),충청남도 천안시 동남구 휴대길 231 ,041-578-4040,2020-12-09
"국내여행업, 국외여행업",백상관광(주),"충청남도 천안시 동남구 봉서8길 13, 상가내 205호 ",041-573-5007,2020-12-09
"국내여행업, 국외여행업",보람해피투어(주),충청남도 천안시 서북구 성환읍 성환13길 4,041-581-1231,2020-12-09
"국내여행업, 국외여행업",스위티웨딩앤투어,충청남도 천안시 서북구 백석로 211 ,041-567-8551,2020-12-09
"국내여행업, 국외여행업",아이비투어(주),"충청남도 천안시 서북구 삼성대로 20, 지하1층 ",041-522-6461,2020-12-09
"국내여행업, 국외여행업",원플라워투어,충청남도 천안시 동남구 통정8로 52 ,,2020-12-09
"국내여행업, 국외여행업",이화여행사,"충청남도 천안시 서북구 성환읍 연암율금로 508, 3층 302호",,2020-12-09
"국내여행업, 국외여행업",천하관광(주),충청남도 천안시 서북구 성거읍 망향로 797-4,041-568-4800,2020-12-09
"국내여행업, 국외여행업",태극항공여행사,충청남도 천안시 서북구 부성1길 976-2 ,041-567-6678,2020-12-09
"국내여행업, 국외여행업",투어메이트 여행사,충청남도 천안시 서북구 월봉5길 13 ,041-904-9190,2020-12-09
"국내여행업, 국외여행업",투어홀릭,"충청남도 천안시 서북구 북일로 63, 현대프라자 3층",041-555-7083,2020-12-09
"국내여행업, 국외여행업",파파고 월드여행사,"충청남도 천안시 동남구 충절로 262, 은비빌딩 204호 ",041-562-2255,2020-12-09
"국내여행업, 국외여행업",하나멤버스,충청남도 천안시 동남구 만남로 43 ,041-640-5531,2020-12-09
"국내여행업, 국외여행업",해피월드투어,"충청남도 천안시 동남구 통정12로 13, 신흥빌딩 201호 ",041-552-1005,2020-12-09
"국내여행업, 국외여행업",해피투어,충청남도 천안시 동남구 원거리11길 51 ,041-564-0005,2020-12-09
"국내여행업, 국외여행업",호서문화기획(주),충청남도 천안시 동남구 천안대로 574,041-556-8072,2020-12-09
"국내여행업, 국외여행업",한국투어라인(주),"충청남도 천안시 동남구 신촌1길 23, 홈플러스 2층 ",041-577-7412,2020-12-09
국외여행업,(주)베리투어,"충청남도 천안시 동남구 신촌4로 42, 534호 ",,2020-12-09
국외여행업,(주)순이항공여행사,충청남도 천안시 동남구 신부10길 10 ,041-621-1250,2020-12-09
국외여행업,(주)신우인터홀딩스,충청남도 천안시 서북구 성환읍 성환1로 264 대승 2층 202호,,2020-12-09
국외여행업,(주)오즈여행,충청남도 천안시 서북구 공원로 지하 1289 ,041-548-9842,2020-12-09
국외여행업,(주)하이파이브,"충청남도 천안시 서북구 두정공단1길 13-7, 코끼리광택 ",041-562-3172,2020-12-09
국외여행업,MK투어,충청남도 천안시 서북구 성정중3길 32 ,041-551-5033,2020-12-09
국외여행업,리얼몰디브 천안,"충청남도 천안시 동남구 성정로 30, 명진빌딩 2층 ",,2020-12-09
국외여행업,미래로 세계로 여행사,충청남도 천안시 동남구 원거리11길 52 ,041-621-2244,2020-12-09
국외여행업,별밤지기,충청남도 천안시 서북구 직산읍 군수1길 78-1,041-904-3300,2020-12-09
국외여행업,봄날여행,"충청남도 천안시 서북구 미라15길 23, 대우타워종합상가동 1층 116호 ",1544-4296,2020-12-09
국외여행업,세광여행사,충청남도 천안시 동남구 대흥로 331 ,041-561-8080,2020-12-09
국외여행업,신나투어,"충청남도 천안시 서북구 오성로 1, 청담메디컬빌딩 5층 ",,2020-12-09
국외여행업,신라항공여행사,충청남도 천안시 동남구 버들로 148 르네상스 4층 ,,2020-12-09
국외여행업,제이항공여행사,충청남도 천안시 동남구 신촌1길 26-7 신원빌딩3층,041-556-1052,2020-12-09
일반여행업,그레이하운드(주),충청남도 천안시 동남구 천안대로 802 ,041-523-5800,2020-12-09
일반여행업,(주)코신,"충청남도 천안시 서북구 불당17길 14, 107호 ",041-567-4369,2020-12-09
일반여행업,(주)글로벌비엔,"충청남도 천안시 서북구 오성1길 25, 202호 ",070-4009-3530,2020-12-09
일반여행업,(주)매튼,"충청남도 천안시 서북구 봉정로 116, 3층 302호 ",,2020-12-09
일반여행업,(주)에스제이투어,"충청남도 천안시 서북구 불당26로 77, 상가동 116호 ",,2020-12-09
일반여행업,(주)에이스항공여행사,충청남도 천안시 동남구 버들로 4 ,041-554-5122,2020-12-09
일반여행업,오즈의 마법사,충청남도 천안시 동남구 용곡6길 51 ,041-532-8647,2020-12-09
일반여행업,(주)쉘위고,"충청남도 천안시 서북구 백석공단1로 10, 천안미래에이스하이테크시티 2층 260호 ",,2020-12-09
일반여행업,(주)알앤이 국제인재개발원,"충청남도 천안시 서북구 원두정3길 20, 석정빌딩 3층 303호 ",,2020-12-09
일반여행업,아시아여행사(주),"충청남도 천안시 동남구 천안대로 802, 홍익빌딩 3층 ",041-622-6161,2020-12-09
일반여행업,글로벌비즈여행사,"충청남도 천안시 서북구 불당25로 176, 율곡스퀘어 더에이스1 3층 306호",041-523-2002,2020-12-09
일반여행업,플래닛 트래블,충청남도 천안시 동남구 버들로 1-5 ,041-555-1201,2020-12-09
국내여행업,스마일투어(주),"충청남도 천안시 동남구 대흥로 259, 2층 ",041-552-7785,2020-12-09
"국내여행업, 국외여행업",주식회사 프렌즈에이치앤비,충청남도 천안시 동남구 수신면 5산단6로 45 애니원 2층,,2020-12-09
국내여행업,즐거운여행사(주) 천안지점,"충청남도 천안시 서북구 불당26로 144, 7동 2층 204호 ",041-569-0607,2020-12-09
"국내여행업, 국외여행업",진성여행사(주),"충청남도 천안시 동남구 목천읍 충절로 799, 1층",,2020-12-09
"국내여행업, 국외여행업",투어센터,"충청남도 천안시 서북구 불당26로 50, E102호 ",,2020-12-09
"국내여행업, 국외여행업",해솔관광(주),"충청남도 천안시 서북구 백석로 10, 302호 ",041-569-6607,2020-12-09
국외여행업,(주)팜투어천안여행사,"충청남도 천안시 서북구 서부대로 426, 2층 ",,2020-12-09
"국내여행업, 국외여행업",(주)월드머니,"충청남도 천안시 동남구 공설시장3길 3, 1층 ",,2020-12-09
국외여행업,JR TOUR,"충청남도 천안시 서북구 성환읍 성환1로 117, 777빌딩 402호",,2020-12-09
"국내여행업, 국외여행업",(주)다온여행사,"충청남도 천안시 동남구 신촌4로 42, 신방현대프라자 4층 414호 ",,2020-12-09
"국내여행업, 국외여행업",(주)땅콩투어,충청남도 천안시 동남구 북면 충절로 1457,070-4408-1311,2020-12-09
